idx,response,error_flag,inference_time
0,"Okay, so I need to figure out how to solve this problem. Let me read it again.

""Find the number of ways to arrange 5 distinct books on a shelf such that no two books of the same color are adjacent. Wait, no, the problem says ""no two books of the same color are adjacent."" Wait, but the problem statement here might be missing some details. Wait, the user just wrote ""Find the number of ways to arrange 5 distinct books on a shelf such that no two books of the same color are adjacent."" Hmm, but the problem mentions colors, but the books are distinct. Wait, maybe there's a typo or missing information here.

Wait, hold on. Maybe the original problem had more context, but the user abbreviated it. Let me think. If it's 5 distinct books, each with a color, but the problem states ""no two books of the same color are adjacent,"" but if all books are distinct, they might have different colors or same colors. Wait, the problem says ""5 distinct books,"" so maybe each book is distinct in terms of their identity, but they have colors. But the problem is about arranging them so that no two same colors are adjacent. But without knowing how many colors each book has, this is impossible.

Wait, maybe the user made a mistake in the problem statement. Let me check again.

The user wrote: ""Find the number of ways to arrange 5 distinct books on a shelf such that no two books of the same color are adjacent.""

Hmm. Maybe in the original problem, the books are of different colors, but the user forgot to specify. For example, maybe there are 5 books, each of a different color, so all colors are distinct. Then, the condition ""no two books of the same color are adjacent"" is automatically satisfied because all colors are different. But that would make the number of arrangements 5! = 120, which seems too straightforward.

Alternatively, maybe the problem is that there are 5 books, some of which have the same color, but the user said ""distinct books,"" which usually means they are different in some way, but maybe their colors can repeat. Wait, the term ""distinct books"" usually refers to the books being different from each other (e.g., different titles), not their colors. So the colors could be same or different.

Wait, perhaps the problem is similar to the classic problem where you have books of different colors and you want to arrange them so that no two",0,36.5380961894989
1,"Okay, so I need to figure out how to solve this problem where the user is asking about the solution to a problem, but they didn't actually specify what the problem is. Wait, the user just said ""Please reason step by step, and put your final answer within \boxed{}."" Hmm, maybe they forgot to include the actual question? Let me check again.

Looking back at the message: ""Please reason step by step, and put your final answer within \boxed{}."" Oh, right, the user might have intended to ask a specific problem but didn't include it. Wait, no, in the initial problem statement from the user, maybe this is a test case? Wait, no. Wait, in some contexts, when someone says ""Please reason step by step..."" they might be expecting me to generate a problem and solve it, but that's not clear.

Wait, maybe this is a standard prompt where the user is supposed to create a problem and solve it, but in this case, they just gave the instruction. Hmm. Wait, the problem here is that the user hasn't provided a specific question. So perhaps this is a mistake, but since I need to respond, I should explain that the problem is missing.

Wait, but the user might have intended to ask a different question but the system messed up. Alternatively, maybe this is part of a test where the user is supposed to recognize that there's no problem given. Let me think.

In the context of the problem, the user says ""Please reason step by step, and put your final answer within \boxed{}."" So they want me to reason step by step, but there's no problem. Hmm. Wait, maybe this is a meta-question where the task is to generate a problem and solve it, but the user didn't specify. But that's not standard.

Alternatively, maybe this is a trick question where the answer is that there's no problem given. But the user might have intended to ask something else. Wait, let me check the history. Wait, in the current setup, this is the first message from the user. So they just said that instruction.

Wait, perhaps the user is following a template where they usually ask a problem but forgot to include it. So the correct response would be to point out that the problem statement is missing. But the user wants me to ""reason step by step"" so maybe I should write a response explaining that.

But the user might have made a mistake. Let me think. If I have to provide",1,31.805569171905518
2,"Okay, let's tackle this problem. So, the question is: ""If 100 people are in a room and each person shakes hands with every other person exactly once, how many handshakes occur?"" Hmm, I need to figure out the number of handshakes here.

First, let me think. If there are 100 people, each person shakes hands with every other person once. So, for example, if there were 2 people, they shake hands once. If there were 3 people, each person shakes hands with the other two, but wait, each handshake is counted twice if I just multiply 3 by 2. Wait, maybe I should approach this step by step.

Let's take a smaller number to test. Let's say 2 people: A and B. They shake hands once. So total handshakes = 1.

For 3 people: A, B, C. A shakes hands with B and C (2 handshakes), B shakes hands with C (1 handshake). Wait, but if I count A's handshakes: 2, B's handshakes: 2, but then C's handshakes: 2. But that would be 6, which is too many because each handshake is between two people. So the problem is that each handshake is counted twice here. So for 3 people, the actual number is 3. Wait, no: A-B, A-C, B-C. That's 3 handshakes. So total is 3.

So for n people, the number of handshakes is n(n-1)/2. Let me check that. For n=2: 2(1)/2 = 1, which is correct. For n=3: 3(2)/2 = 3, which matches. For n=4: 4*3/2 = 6. Let's see: A-B, A-C, A-D, B-C, B-D, C-D. That's 6, which is correct. So the formula seems to be n(n-1)/2.

So for 100 people, it would be 100*99/2. Let me calculate that. 100 divided by 2 is 50, so 50*99. 50*100 is 5000, minus 50 is 4950. So",1,31.527265071868896
3,"Okay, the user mentioned ""the user"" but didn't specify a particular question or context. Hmm, maybe they're referring to a previous interaction? Wait, no, this is the first message. Let me check the history.

Wait, in the current conversation, the user just said ""the user"" which is a bit confusing. Maybe it's a typo or they meant to ask something else. Let me think. The assistant's job is to respond helpfully. Since the user hasn't actually asked a question yet, I should prompt them for clarification.

I should respond by asking what they need help with. Keep it friendly and open-ended. Let me phrase it like: ""I'm here to help! Could you please clarify what you need assistance with today?"" Yeah, that sounds good. It's clear and encourages them to specify their request.
</think>

I'm here to help! Could you please clarify what you need assistance with today? ðŸ˜Š<|im_end|>",0,11.121857166290283
4,"Okay, let's tackle this problem. So, the question is: ""Find the sum of all the roots of the equation \( x^4 - 3x^3 + 2x^2 - 5x + 7 = 0 \) that are greater than 1."" Hmm, wait, but hold on. The problem says ""the sum of all the roots of the equation that are greater than 1."" But first, I need to check if this equation has real roots greater than 1 or not.

Wait, but maybe it's a trick question? Let me think. For a quartic equation (degree 4), there can be up to 4 real roots, but maybe this equation has no real roots? Let me check.

First, let's consider the function \( f(x) = x^4 - 3x^3 + 2x^2 - 5x + 7 \). To find real roots, we can check its behavior. Let's compute f(x) at some points to see if it crosses the x-axis.

First, as x approaches infinity, x^4 dominates, so f(x) goes to positive infinity. As x approaches negative infinity, x^4 also dominates, so f(x) goes to positive infinity.

Let's compute f(0): 0 - 0 + 0 - 0 + 7 = 7 > 0.

f(1): 1 - 3 + 2 - 5 + 7 = (1 - 3) + (2 - 5) + 7 = (-2) + (-3) + 7 = 2 > 0.

f(2): 16 - 24 + 8 - 10 + 7 = (16 -24) + (8 -10) +7 = (-8) + (-2) +7 = -3 < 0.

f(3): 81 - 81 + 18 - 15 +7 = (81-81) + (18-15) +7 = 0 + 3 +7 =10 >0.

So f(1)=2, f(2)=-3, f(3)=10. So by Intermediate Value Theorem, there's a root between 1 and 2, and another between 2 and 3? Wait, f(2) is -3, f(3",0,31.61039710044861
5,"Okay, so I need to figure out how to solve this problem where I have to find the probability that the sum of two dice rolls is 7, given that the first die is a 4. Hmm, let's start by recalling some basic probability concepts.

First, when dealing with conditional probability, the formula is P(A|B) = P(A âˆ© B) / P(B). In this case, event A is ""the sum is 7"" and event B is ""the first die is a 4"". So I need to find the probability that both the sum is 7 and the first die is 4, divided by the probability that the first die is 4.

Let me think. If the first die is a 4, then what's the possible outcome for the second die to make the sum 7? Well, 4 + x = 7, so x = 3. So the only way the sum is 7 given that the first die is 4 is if the second die is 3.

Now, the probability that the first die is 4. Since each die is fair, the probability that the first die is 4 is 1/6. Wait, but in conditional probability, we're given that the first die is 4, so maybe the sample space is restricted to cases where the first die is 4. So the conditional probability would just be the probability that the second die is 3 given that the first die is 4.

Since the dice are independent, if we know the first die is 4, the second die is still a fair die with 6 possibilities. So the probability that the second die is 3 is 1/6.

Wait, but let's check using the formula to be sure. P(A âˆ© B) is the probability that the sum is 7 and the first die is 4. That would be the case where first die is 4 and second die is 3, which has probability (1/6)*(1/6) = 1/36. Then P(B) is the probability that the first die is 4, which is 1/6. So P(A|B) = (1/36) / (1/6) = (1/36)*(6/1) = 1/6. So that checks out.

Hmm, but maybe I'm overcomplicating it. Since we're given that the first die is 4, we",0,31.322183847427368
6,"Okay, the user mentioned ""the following is a list of 1000+ items"". Wait, but in the previous messages, there was a system message that said ""the following is a list of 1000+ items"". Hmm, maybe they're referring to a list that was previously generated? Wait, no, looking back, the user's current message is just ""the following is a list of 1000+ items"". But in the context of the conversation history, maybe they're trying to say that there's a list of 1000+ items that they want me to process or something.

Wait, the user's message is: ""the following is a list of 1000+ items"". But there's nothing following it. Oh, maybe they intended to paste a list but forgot? Or maybe this is part of a test? Let me check the conversation history.

Wait, the initial system message says: ""You are an AI assistant. User will give you a list of items. Your task is to generate a list of 1000+ items."" But then the user's message here is ""the following is a list of 1000+ items"". Hmm, perhaps there's a misunderstanding here.

Wait, maybe the user is trying to say that they have a list of 1000+ items and want me to process it, but they didn't actually provide the list. The message they sent is ""the following is a list of 1000+ items"" but there's no list after it. So maybe they made a mistake.

Alternatively, maybe this is a test to see how I respond when given an incomplete request. Let me think.

The user's instruction is a bit unclear. They mentioned ""the following is a list of 1000+ items"", but there's nothing following. So my job is to respond appropriately.

In previous examples, when the user says something like this, the assistant should ask for clarification. Since there's no list provided, I should point out that the list is missing and ask the user to provide the list of items they want me to process.

Wait, but the system's initial instruction says: ""User will give you a list of items. Your task is to generate a list of 1000+ items."" So maybe the user is trying to trick me into generating a list, but they said ""the following is a list of 1000+",0,32.15663003921509
7,"Okay, so I need to figure out how to solve this problem. Let me read it again.

""Find the value of $x$ in the equation $x^2 + 3x + 2 = 0$.""

Hmm, quadratic equation. I remember there are a few methods to solve quadratics: factoring, completing the square, quadratic formula. Let me try factoring first because it might be the quickest here.

The equation is $x^2 + 3x + 2 = 0$. To factor this, I need two numbers that multiply to 2 (the constant term) and add up to 3 (the coefficient of the x term). Let's see... factors of 2 are 1 and 2. 1 * 2 = 2, and 1 + 2 = 3. Perfect!

So, the equation factors as $(x + 1)(x + 2) = 0$. 

Now, using the zero product property, if the product of two factors is zero, then at least one of the factors must be zero. So, either $x + 1 = 0$ or $x + 2 = 0$.

Solving $x + 1 = 0$ gives $x = -1$.

Solving $x + 2 = 0$ gives $x = -2$.

Let me check if these solutions work by plugging them back into the original equation.

First, for $x = -1$:

$(-1)^2 + 3(-1) + 2 = 1 - 3 + 2 = 0$. That works.

For $x = -2$:

$(-2)^2 + 3(-2) + 2 = 4 - 6 + 2 = 0$. That works too.

Alternatively, I could use the quadratic formula to verify. The quadratic formula is $x = \frac{-b \pm \sqrt{b^2 - 4ac}}{2a}$.

Here, $a = 1$, $b = 3$, $c = 2$.

Discriminant $D = b^2 - 4ac = 9 - 8 = 1$.

So, $x = \frac{-3 \pm \sqrt{1}}{2} = \frac{-3 \pm 1}{2}$.

Which gives two solutions: $\frac{-3 + 1}{2",0,31.372668981552124
8,"Okay, so I need to figure out how to solve this problem where the user is asking for help with something. Wait, the user didn't specify the problem. Hmm, maybe they forgot? Let me check the message again.

The user wrote: ""How can I solve this problem?"" but then there's nothing after that. Oh, right, in the initial prompt, they might have intended to paste a problem but didn't. Wait, looking back at the history... Wait, no, in this scenario, the user is the one who wrote the query, and the assistant is supposed to respond. Wait, maybe the user is testing me? Or maybe they made a mistake.

Wait, the problem here is that the user's message is ""How can I solve this problem?"" without any specific problem details. So the assistant needs to ask for clarification. But in the context of this exercise, maybe the user expects me to generate a sample problem and solve it? Hmm, the instruction says ""You are an AI assistant that helps users solve problems. The user has written a message, and you need to respond appropriately.""

Wait, the user's message is ""How can I solve this problem?"" which is a bit vague. So the correct response would be to ask them to provide more details about the problem they're trying to solve. Because without knowing the specific problem, I can't give a solution.

But maybe in the context of the problem given here, the user intended to write a problem but forgot. Let me think. The original instruction says: ""You are an AI assistant that helps users solve problems. The user has written a message, and you need to respond appropriately.""

Wait, perhaps this is a test case where the user's message is incomplete, so the assistant should respond by asking for clarification. Let me check standard practices. When a user asks ""How can I solve this problem?"" without specifying, the assistant should prompt them to provide the problem statement.

Yes, so the correct response here is to ask the user to describe the problem they want to solve. For example: ""Sure! Could you please provide more details about the problem you're trying to solve? That way, I can give you a helpful solution.""

I think that's the right approach here. Since there's no specific problem mentioned, the assistant can't proceed without more information. So the answer should be a request for clarification.
</think>

Sure! Could you please provide more details about the problem you're trying to solve? That way, I can give you a",1,33.32390809059143
9,"Okay, the user is asking about the ""Tibetan Plateau"" and ""Tibetan Plateau"" in the context of the previous conversation. Wait, the user might be confused because in the previous message, I mentioned the ""Tibetan Plateau"" as part of a list of geographic features. Let me check the history.

Wait, looking back, the user's current query is: ""Tibetan Plateau"". But in the previous messages, there's a conversation where the user asked about the ""Tibetan Plateau"" and I responded with a list of geographic features including ""Tibetan Plateau"" as the first item. Wait, no, actually, the user's initial query was ""Tibetan Plateau"", and I provided a response. Now they're repeating ""Tibetan Plateau"" again? Hmm, maybe it's a typo or they want more info.

Wait, no, in the system message, it says: ""You are given the following conversation history. Please generate a response to the user's latest query."" The conversation history is empty? Wait, no, the user's latest query is ""Tibetan Plateau"". Wait, the system message says ""You are given the following conversation history."" But in the example, the conversation history is empty. Wait, no, in the problem statement, the user's latest query is ""Tibetan Plateau"", and the conversation history is empty? Wait, no, let me re-read.

Wait, the user's message is: ""Tibetan Plateau"". The system says: ""You are given the following conversation history. Please generate a response to the user's latest query."" But the conversation history is empty? Wait, no, in the problem setup, the conversation history is provided as part of the input. Wait, the problem says: ""You are given the following conversation history."" But in the example given in the problem statement, maybe the conversation history is empty? Wait, no, in the initial problem description, the user's latest query is ""Tibetan Plateau"", and there's no prior conversation history? Hmm, maybe the user is asking for information about the Tibetan Plateau.

Wait, the user might be asking for a definition or key facts about the Tibetan Plateau. Since in the previous example, when the user asked ""Tibetan Plateau"", I responded with a list of geographic features. Wait, no, in the problem",0,36.016087770462036
